OBJECTID,Speed (km/h),Direction of travel (°),Compass reading (°),Position source type,Receiver Name,Horizontal Accuracy (m),Vertical Accuracy (m),Latitude,Longitude,Altitude,PDOP,HDOP,VDOP,Fix Type,Correction Age,Station ID,Number of Satellites,Fix Time,Average Horizontal Accuracy (m),Average Vertical Accuracy (m),Averaged Positions,Standard Deviation (m),photo added,wildlife access area?,human access area?,Verizon Signal,ATT Signal,Date Time,GlobalID,x,y
1,1.38598844381477,,284.037139892578,2,iPhone 13,4.76103779592201,3.34021797770608,34.4692056862016,-120.272009394762,7.01397579535842,,,,,,,,5/17/2023 8:16:06 PM,,,,,0,17,Alegría beach,,,5/17/2023 8:16:10 PM,eb64ace9-7ae2-4e4a-91f0-dac31b6257b1,-120.272009394684,34.4692056859492
2,,,,1,,,,,,,,,,,,,,,,,,,0,Yes,Alegría beach,,,5/17/2023 8:18:43 PM,15ab8003-c8c6-4180-a541-7edc9ced27b7,-120.272009394684,34.4692056859492
3,0,261.976470471493,218.238082885742,2,iPhone 13,4.75501962032272,3.34877969462531,34.4690079597008,-120.272444613212,12.0706605920568,,,,,,,,5/17/2023 8:20:39 PM,,,,,0,,,,14,5/17/2023 8:20:40 PM,db4be4e0-88dd-420c-ae79-97bd992be5ff,-120.272444613167,34.4690079599838
4,2.32244818681357,281.447647120643,246.104629516602,2,iPhone 13,4.74404385709913,3.36431046645651,34.4689888496739,-120.272555300006,12.0035279886797,,,,,,,,5/17/2023 8:21:18 PM,,,,,0,,,,11,5/17/2023 8:21:19 PM,4144ad1a-6242-4a77-bf95-2dd04c4de434,-120.272555299984,34.4689888495323
5,0,284.823605876972,246.690246582031,2,iPhone 13,4.74366682953212,3.36484205323007,34.4689896506896,-120.272546640111,12.0591779081151,,,,,,,,5/17/2023 8:21:34 PM,,,,,0,,,18,14,5/17/2023 8:21:36 PM,8546c597-1898-440e-88e5-b78aaaa4c536,-120.272546640224,34.468989650862
6,0,258.014833441689,235.919189453125,2,iPhone 13,4.81936084905669,3.25550273220104,34.4689661290506,-120.272692446168,12.1869825860485,,,,,,,,5/17/2023 8:22:12 PM,,,,,0,,,21,11,5/17/2023 8:22:13 PM,5e0ed12a-414e-4771-8983-d49def9da80b,-120.272692445778,34.4689661293891
7,0,265.758091976667,270.588012695313,2,iPhone 13,4.76577975135764,3.33344872382017,34.4689123038297,-120.272976031413,9.53086353093386,,,,,,,,5/17/2023 8:23:19 PM,,,,,0,,,19,13,5/17/2023 8:23:20 PM,5da9eb65-b207-40f4-b849-a1c8ce8fc375,-120.272976031337,34.4689123039987
8,1.18596210134368,240.082541498045,176.439849853516,2,iPhone 13,4.78142283501504,3.31097156520341,34.4688656808644,-120.273017397986,9.01072412356734,,,,,,,,5/17/2023 8:24:05 PM,,,,,0,,Cannot pass unless negative tide ,20,10,5/17/2023 8:24:07 PM,9b97f5ec-2fe8-4b9b-9e13-3bb1ac489345,-120.273017397857,34.4688656809237
9,0.308183303643837,321.4968386088,80.8592071533203,2,iPhone 13,4.69591713975282,3.43116587319303,34.4688847210184,-120.27284061155,10.579744361341,,,,,,,,5/17/2023 8:25:00 PM,,,,,0,,,12,10,,5e1b99e0-5b77-4bba-8c8f-a78671a713b5,-120.272840611206,34.4688847210462
10,3.01288147567685,84.1434772470998,70.4819412231445,2,iPhone 13,4.72183748964296,3.39540686136303,34.4689256862955,-120.27260051684,10.3173304870725,,,,,,,,5/17/2023 8:25:22 PM,,,,,0,,,12,,,3cc150eb-8c17-403f-8b20-b1cc21c0a8b9,-120.272600516683,34.4689256866597
11,0.907715892678433,59.2943135520832,74.3883666992188,2,iPhone 13,4.86506841065258,3.18679249284593,34.4689986800733,-120.272289170774,8.61270741093904,,,,,,,,5/17/2023 8:25:52 PM,,,,,0,,,,,,389ee310-873c-476c-989c-db2b5c11b907,-120.272289170487,34.468998680262
12,4.66400059533543,99.6735964443441,98.3924407958984,2,iPhone 13,4.84251816308507,3.22095558382603,34.4689740516422,-120.271275054735,6.83495520800352,,,,,,,,5/17/2023 8:27:21 PM,,,,,0,,,,,5/17/2023 8:27:22 PM,b91bd53e-cd53-4a88-8aa5-de0bda6fe152,-120.271275055177,34.4689740515937
13,2.13520807382295,90.894485383976,87.6140747070313,2,iPhone 13,4.74405905531886,3.36428903521026,34.4686120165839,-120.269914986006,5.5960465464741,,,,,,,,5/17/2023 8:29:02 PM,,,,,0,,,,10,5/17/2023 8:29:03 PM,d4f95a59-1bc0-462d-b83b-ad4f0249c699,-120.269914986073,34.4686120163682
14,4.16472233871896,92.4454157514788,93.1527404785156,2,iPhone 13,4.746125579275,3.36137308529422,34.4686062889082,-120.269782090558,5.16757782362401,,,,,,,,5/17/2023 8:29:20 PM,,,,,0,,,,20,5/17/2023 8:29:21 PM,ef6404ea-7dd9-4beb-a9de-3b6fd4d7e3f9,-120.269782090209,34.4686062885384
15,5.23176121177235,87.7442099714522,85.8578033447266,2,iPhone 13,4.72941792748171,3.38484018825165,34.4685853873955,-120.269623940254,5.4970715213567,,,,,,,,5/17/2023 8:29:32 PM,,,,,0,,,13,20,5/17/2023 8:29:33 PM,bc0a659c-11c2-4c40-9d8c-baaeeb33b32f,-120.269623940006,34.4685853872145
16,4.30750623129279,86.8797257759817,77.3458862304688,2,iPhone 13,4.7767077411794,3.31777036398628,34.4685344830185,-120.269250820342,6.85972373839468,,,,,,,,5/17/2023 8:30:04 PM,,,,,0,,,,11,5/17/2023 8:30:05 PM,ba2fc1fb-675a-454a-971c-68548572f42e,-120.269250820261,34.4685344832631
17,2.89636075511447,91.3412567024924,82.2199554443359,2,iPhone 13,4.82439291224754,3.24804095741488,34.4685539768318,-120.269154986067,7.04602439887822,,,,,,,,5/17/2023 8:30:19 PM,,,,,0,,,13,11,5/17/2023 8:30:22 PM,d4439366-95d7-434a-a9c7-1e2f66458b9f,-120.26915498619,34.4685539767111
18,0.55479950641951,53.8197147082155,14.4439144134521,2,iPhone 13,4.75622207459085,3.34707164697195,34.4685581050372,-120.268721765318,6.01939458306879,,,,,,,,5/17/2023 8:30:59 PM,,,,,0,,,13,18,5/17/2023 8:31:00 PM,b1ead23b-b74d-42a5-abff-5528eb4cb4e0,-120.26872176556,34.4685581048393
19,2.27970948968894,99.3574970166584,88.8662719726563,2,iPhone 13,4.74434286658422,3.36388879083127,34.4685458503679,-120.268557390693,6.06393643748015,,,,,,,,5/17/2023 8:31:20 PM,,,,,0,,,13,14,5/17/2023 8:31:21 PM,fcafdb58-6b52-4b14-b517-2ddbfc0e269e,-120.268557390931,34.4685458500597
20,4.08057712407829,88.1659010040107,82.3872985839844,2,iPhone 13,4.73463763032442,3.37753512821181,34.4685111182334,-120.268200761008,6.97473485581577,,,,,,,,5/17/2023 8:31:52 PM,,,,,0,,,13,12,5/17/2023 8:31:54 PM,ead83c47-edb9-4c69-845a-530464295500,-120.268200760661,34.4685111179296
21,4.27515117092857,106.708268909329,86.1368713378906,2,iPhone 13,4.81496310459723,3.26200357666209,34.4684889298923,-120.268013007213,7.25944679882377,,,,,,,,5/17/2023 8:32:09 PM,,,,,0,,,13,9,5/17/2023 8:32:10 PM,48ec8fa4-c6f7-4546-83a2-750863d6212c,-120.268013007377,34.4684889301511
22,3.96490116332994,78.2323397088731,82.1558990478516,2,iPhone 13,4.76350823311427,3.33669392450692,34.4685077655045,-120.267734981344,7.56782015226781,,,,,,,,5/17/2023 8:32:33 PM,,,,,0,,,13,18,5/17/2023 8:32:34 PM,fa4d6fe6-2f57-4f56-976f-c26f89f6f956,-120.267734981491,34.4685077652121
23,3.86671025643986,95.5350388568696,72.1007843017578,2,iPhone 13,4.76952706716379,3.32808482289451,34.4684805742466,-120.267541684095,7.37347535323352,,,,,,,,5/17/2023 8:32:48 PM,,,,,0,,,13,0,5/17/2023 8:32:49 PM,b44c0216-727f-4881-9b13-55b2e26d4dbf,-120.267541683805,34.468480573906
24,3.61792046782952,108.531419020501,65.7153625488281,2,iPhone 13,4.99630572889886,2.97682147535946,34.4684165577818,-120.267114473074,8.60942422691733,,,,,,,,5/17/2023 8:33:23 PM,,,,,0,,,,,5/17/2023 8:33:24 PM,fc60d140-149c-47ef-ac45-04286d25ea16,-120.267114472904,34.4684165574712
25,3.69669363418047,91.6154803703374,94.9635009765625,2,iPhone 13,5.15995363951384,2.68317265021405,34.4684274172703,-120.266911586406,9.69489093497396,,,,,,,,5/17/2023 8:33:55 PM,,,,,0,,,,,5/17/2023 8:34:00 PM,9c5b2a3d-7afb-4c04-b408-a73592376cf2,-120.2669115866,34.4684274169691
26,3.06435682871151,112.54661000956,78.8550872802734,2,iPhone 13,4.81011121525988,3.26915388588851,34.4683751967604,-120.266763856094,7.21912800427526,,,,,,,,5/17/2023 8:34:10 PM,,,,,0,,,13,12,5/17/2023 8:34:11 PM,8ca3ef35-eb04-4ee0-ac0d-72274179b818,-120.266763855957,34.4683751968648
27,0.12155456696848,96.1936407439409,76.3969421386719,2,iPhone 13,4.91229586599379,3.11350065966417,34.4683655130271,-120.266189507263,6.98350782226771,,,,,,,,5/17/2023 8:35:17 PM,,,,,0,,,,,5/17/2023 8:35:18 PM,35eb337f-df56-47cf-92b8-6af55b301dfc,-120.2661895073,34.4683655127017
28,0,44.5106450322617,51.0730247497559,2,iPhone 13,4.81293952566931,3.26498853827067,34.4683761845449,-120.266181700796,7.22897261474282,,,,,,,,5/17/2023 8:35:37 PM,,,,,0,,,12,,5/17/2023 8:35:30 PM,5d4a62fc-a6fc-4611-b2cc-049b52cc3d61,-120.26618170094,34.468376184833
29,0.633733700750163,102.420269182271,87.4912414550781,2,iPhone 13,4.75879924362196,3.34340646522254,34.4683403464188,-120.265953940518,5.7243887251243,,,,,,,,5/17/2023 8:36:14 PM,,,,,0,,,,,5/17/2023 8:36:12 PM,1b1f1870-c6b8-4350-adb4-dee1e3c8ef3c,-120.265953940287,34.4683403461666
30,2.63741464662279,130.790595016758,94.8433990478516,2,iPhone 13,4.7780527150253,3.31583312083528,34.4680046826349,-120.263741886797,3.66797380056232,,,,,,,,5/17/2023 8:40:20 PM,,,,,0,,,,11,5/17/2023 8:40:21 PM,cd51ad9a-1256-4cda-8316-bfaceb7a04a7,-120.26374188651,34.4680046827701
31,1.71075509209009,76.9687429689844,54.7668800354004,2,iPhone 13,4.78233922541582,3.30964780087521,34.4680171920639,-120.263561793201,4.62095326930285,,,,,,,,5/17/2023 8:40:51 PM,,,,,0,,,,,5/17/2023 8:40:52 PM,9dc37b80-3b91-4e80-bfe8-cd798c774390,-120.26356179316,34.4680171923986
32,0,84.0658858544266,61.9614715576172,2,iPhone 13,4.828181430446,3.24240668446838,34.4680839674165,-120.263424139959,8.7037746515125,,,,,,,,5/17/2023 8:42:12 PM,,,,,0,,,12,,5/17/2023 8:42:13 PM,7403bb42-ea1b-4326-9229-d884e71af2d4,-120.263424139818,34.4680839671657
33,0,125.132935570907,129.954040527344,2,iPhone 13,4.75279622377912,3.3519345291965,34.4680483623644,-120.263290461033,8.43211812432855,,,,,,,,5/17/2023 8:42:43 PM,,,,,0,,,,13,5/17/2023 8:42:44 PM,ec86e52a-869e-486c-ab8e-27e9f5edbb5e,-120.263290460622,34.4680483624062
34,0,123.012317981667,103.619934082031,2,iPhone 13,4.76371308270857,3.33640145942002,34.4680267578544,-120.263251014146,8.1438107015565,,,,,,,,5/17/2023 8:43:01 PM,,,,,0,,,,,5/17/2023 8:43:00 PM,ee07f060-5fbc-481f-9036-159899b2355d,-120.263251013801,34.4680267581046
35,0,98.7255206017161,73.85009765625,2,iPhone 13,4.77164489244943,3.32504767682361,34.4679529567308,-120.262985635694,5.99548422731459,,,,,,,,5/17/2023 8:43:55 PM,,,,,0,,,,12,5/17/2023 8:43:57 PM,9272ce9d-4468-478c-847c-375dd06176da,-120.262985635297,34.467952956388
36,0,67.9716378884985,61.5022811889648,2,iPhone 13,4.73736091716471,3.37371435858301,34.4679245563344,-120.262753452778,5.77843730244786,,,,,,,,5/17/2023 8:44:35 PM,,,,,0,,,12,12,5/17/2023 8:44:36 PM,d9a5d2ee-a5b8-4f40-b31c-edc924e4e77b,-120.262753453135,34.4679245562257
37,3.09382891260092,105.385749395308,100.157943725586,2,iPhone 13,4.73465120798557,3.37751609492977,34.4678319180746,-120.262137530735,7.21042549423873,,,,,,,,5/17/2023 8:45:37 PM,,,,,0,,Sea wall start,19,12,5/17/2023 8:45:38 PM,a3a2d8ce-0b79-4cf9-9386-9fe3a42b3247,-120.262137530447,34.4678319177282
38,0,50.3445449784531,226.583648681641,2,iPhone 13,4.80221519928136,3.28074171683476,34.4678200423002,-120.262088744512,7.11431425157934,,,,,,,,5/17/2023 8:47:04 PM,,,,,0,,,16,17,5/17/2023 8:47:05 PM,16f74223-b92e-495e-afd7-e2d883ee0ffa,-120.262088744741,34.4678200420348
39,1.22875292162846,75.0280248606797,261.141937255859,2,iPhone 13,4.78596238969869,3.30440630630957,34.467866369785,-120.262325745424,7.08036699146032,,,,,,,,5/17/2023 8:47:43 PM,,,,,0,,,20,14,5/17/2023 8:47:44 PM,ad0e8023-fa8a-4ec8-bc4b-420eb51d4c9c,-120.262325745465,34.4678663694497
40,0.249009075070092,75.0279648262766,259.757904052734,2,iPhone 13,4.76828296024305,3.32986706098676,34.4678679247096,-120.262432808275,6.62075794488192,,,,,,,,5/17/2023 8:48:01 PM,,,,,0,,,20,11,5/17/2023 8:48:03 PM,26e99d73-5609-4d3c-8a90-dcb3bba5060b,-120.262432808478,34.4678679247315
41,0,39.4407107088339,284.178619384766,2,iPhone 13,4.74414124867984,3.36417312951686,34.4679775047004,-120.263220398182,5.2995586739853,,,,,,,,5/17/2023 8:49:34 PM,,,,,0,,,,,5/17/2023 8:49:33 PM,6dfc5e3f-12e2-4aaf-a652-107bf7e93469,-120.263220398318,34.467977504631
42,0,282.689400213758,266.021545410156,2,iPhone 13,4.732556740292,3.38045022633164,34.4680971753322,-120.263778362553,5.82893031742424,,,,,,,,5/17/2023 8:50:54 PM,,,,,0,,,18,0,5/17/2023 8:50:53 PM,5eab88ab-3850-4d40-aeb7-e9213e510ee5,-120.263778362602,34.468097175176
43,0,288.159779932281,273.456329345703,2,iPhone 13,4.73698993857667,3.37423522514544,34.4681161873367,-120.263888891465,6.38696398772299,,,,,,,,5/17/2023 8:51:19 PM,,,,,0,,,,,5/17/2023 8:51:18 PM,aded1774-e629-4764-8c78-4de3e2e601da,-120.263888891315,34.4681161873308
44,1.20526940753419,295.281190245572,293.471954345703,2,iPhone 13,4.72306145713187,3.3937040980239,34.4681674858608,-120.264369982607,8.4301039269194,,,,,,,,5/17/2023 8:52:14 PM,,,,,0,,Seawall s,,,5/17/2023 8:52:22 PM,54ed2966-eac5-4fc8-861f-405e7565e9b5,-120.264369982269,34.4681674855405
45,1.75009705502074,307.431546388117,14.4471960067749,2,iPhone 13,4.73670273275216,3.37463838867619,34.4683089981963,-120.265515244442,7.13026697840542,,,,,,,,5/17/2023 8:54:45 PM,,,,,0,16- Maybe - pipeline,,,,5/17/2023 8:54:53 PM,a946c77a-922f-4b3f-8037-f97693038068,-120.265515244424,34.4683089985225
46,0,282.101864164723,286.133636474609,2,iPhone 13,4.73254117857793,3.3804720122866,34.4685099786054,-120.267734702888,5.77091753575951,,,,,,,,5/17/2023 8:59:30 PM,,,,,0,,Seawall n,,,5/17/2023 8:59:31 PM,c253a565-cf58-484f-88da-884b9aa42027,-120.267734703014,34.4685099788795
47,0,189.793187026791,191.008819580078,2,iPhone 13,4.73358267819229,3.3790134745968,34.4685405271272,-120.269133609644,5.92671329714358,,,,,,,,5/17/2023 9:02:00 PM,,,,,0,,,15,,5/17/2023 9:02:02 PM,e612033e-3b14-4ff4-a91f-11eb46de6b8e,-120.26913360988,34.468540527336
48,1.92632253790136,290.142123981616,249.997695922852,2,iPhone 13,4.72908880623122,3.38530000082229,34.4685062369247,-120.269418671185,4.46078844182193,,,,,,,,5/17/2023 9:02:56 PM,,,,,0,,,12,,5/17/2023 9:02:57 PM,39f952f5-7036-4168-811c-6983ead0b0b9,-120.269418671371,34.468506236604
49,0.207940076675691,264.197568001106,201.084777832031,2,iPhone 13,4.72939553056376,3.38487148179548,34.4684916938759,-120.269470468031,4.39631715696305,,,,,,,,5/17/2023 9:03:29 PM,,,,,0,,,21,,5/17/2023 9:03:30 PM,d1c5d9c8-93a5-4c2b-9f67-fa0260326bbc,-120.26947046823,34.4684916940884
50,3.80218861139449,274.865556599237,238.74772644043,2,iPhone 13,4.73299646875918,3.37983453137901,34.4686155377142,-120.270063880349,3.43055713456124,,,,,,,,5/17/2023 9:04:42 PM,,,,,0,,,20,,5/17/2023 9:04:44 PM,659a9d18-9229-4771-a9b3-e7a427d06c5a,-120.270063880035,34.4686155379391
51,3.59062584314641,284.332868171547,258.915802001953,2,iPhone 13,4.73285171144683,3.38003723503804,34.4687717344959,-120.270469198125,8.53859413415194,,,,,,,,5/17/2023 9:05:34 PM,,,,,0,,,20,,5/17/2023 9:05:35 PM,cd84f7f6-a64f-43fa-8522-0a65c02d8d2c,-120.270469198095,34.4687717348263
52,3.70792778517724,293.898083514264,261.749481201172,2,iPhone 13,4.72677631102279,3.38852810794637,34.468810997155,-120.270699833135,6.37648774962872,,,,,,,,5/17/2023 9:06:04 PM,,,,,0,,,,,5/17/2023 9:06:03 PM,7e915f6b-57e4-448d-a656-f9942a59ab9f,-120.270699833357,34.4688109971107
53,3.70799989700313,293.554681683211,348.124053955078,2,iPhone 13,4.568394823756,3.59920904742531,34.4710530752391,-120.294033247212,7.41517267469317,,,,,,,,5/17/2023 9:23:42 PM,,,,,0,17 - culvert next to boat ramp w meadow and fw ,Sacate ,,,5/17/2023 9:23:43 PM,9006669d-9430-443a-b28a-1bd05c2ab5fd,-120.294033246774,34.4710530751584
54,3.38605896691183,290.900103668062,345.796783447266,2,iPhone 13,4.72078003775969,3.39687692857401,34.4710036237053,-120.294928690085,7.39568142034113,,,,,,,,5/17/2023 9:26:44 PM,,,,,0,18,,,,5/17/2023 9:26:45 PM,dd5ec62b-6d36-4689-b403-7052f654b3fe,-120.294928690144,34.4710036235134
55,0.696466950684717,281.576201625883,289.448059082031,2,iPhone 13,4.73062418259282,3.3831541312593,34.4707914719827,-120.295677439243,8.28823413420469,,,,,,,,5/17/2023 9:28:29 PM,,,,,0,,,20,,5/17/2023 9:28:32 PM,dbc9ece5-f689-4f49-8955-01b6281a9812,-120.295677439527,34.4707914722616
56,2.72750789090918,204.892233574619,250.149856567383,2,iPhone 13,4.72743757129913,3.38760550274943,34.4707192028678,-120.295799154183,6.49981939140707,,,,,,,,5/17/2023 9:28:54 PM,,,,,0,,,,,5/17/2023 9:28:55 PM,8d86172f-dbbc-4fb6-af15-b2a5311ae749,-120.295799154061,34.4707192030384
57,0.182107018130255,257.993821162412,288.636291503906,2,iPhone 13,4.72800314064345,3.38681610585141,34.4707178732693,-120.29614252019,8.01197679061443,,,,,,,,5/17/2023 9:30:00 PM,,,,,0,,,17,,5/17/2023 9:30:00 PM,5dda5713-4443-49b4-9d25-251e25879a97,-120.296142519807,34.4707178729476
58,0,330.894413151002,351.684326171875,2,iPhone 13,4.73443846733655,3.37781429800289,34.4704717433674,-120.297685493257,6.11297053098679,,,,,,,,5/17/2023 9:32:36 PM,,,,,1,19,,,,5/17/2023 9:32:37 PM,4472dcfd-e725-458a-bfee-a4c1b738b609,-120.297685493089,34.4704717435726
59,0,330.894417139047,8.14275741577148,2,iPhone 13,4.72535655500584,3.39050769957129,34.470471202707,-120.297677089012,5.68693548440933,,,,,,,,5/17/2023 9:33:06 PM,,,,,0,,,21,,5/17/2023 9:33:08 PM,025eabcf-820c-4da9-9c43-0f609585fbb5,-120.297677089349,34.4704712029439
60,4.31977861366578,230.188430243292,257.251953125,2,iPhone 13,4.72626324573986,3.38924368624585,34.470257663918,-120.298192222328,6.37510458193719,,,,,,,,5/17/2023 9:34:35 PM,,,,,0,,,21,,5/17/2023 9:34:37 PM,9c304cf2-6410-4366-b2b7-be8c6fcd8bac,-120.298192221961,34.4702576639558
61,3.39472942383885,252.392800130306,244.767059326172,2,iPhone 13,4.72655721028284,3.38883371836272,34.4700157884793,-120.298700521395,5.87158624827862,,,,,,,,5/17/2023 9:35:22 PM,,,,,0,,,21,,5/17/2023 9:35:29 PM,1640397e-2813-49e3-bf53-065283222c14,-120.298700521088,34.4700157886614
62,6.97050600740176,227.308547899254,222.790313720703,2,iPhone 13,4.73128607950432,3.38222841728313,34.4695938456488,-120.299225651799,11.2143805064261,,,,,,,,5/17/2023 9:36:15 PM,,,,,0,,,24,,5/17/2023 9:36:16 PM,8294a7cb-a476-487d-abb9-b76354629739,-120.299225651948,34.4695938453164
63,4.40448950481936,198.255124547839,201.40852355957,2,iPhone 13,4.72248592042741,3.39450493653401,34.4694559843779,-120.299311540789,9.19875727593899,,,,,,,,5/17/2023 9:36:31 PM,,,,,0,,,21,,5/17/2023 9:36:32 PM,cd872196-e1ee-4086-a519-7b4af46ef30a,-120.299311540771,34.4694559841714
64,0.31421084355193,212.550619852747,160.144393920898,2,iPhone 13,4.75674468000408,3.3463288962745,34.4689444624816,-120.299616614938,8.93328784313053,,,,,,,,5/17/2023 9:37:35 PM,,,,,0,,NOTE MY PHONE HAS SERVICE,21,,5/17/2023 9:37:39 PM,75f7840e-61e6-4c87-8055-bb91e46637ae,-120.29961661493,34.468944462374
65,3.6046126609815,230.515005247589,213.879730224609,2,iPhone 13,4.73411669011257,3.37826526447915,34.4684659689229,-120.299980579994,8.89509952627122,,,,,,,,5/17/2023 9:38:59 PM,,,,,0,,,24,16,5/17/2023 9:39:00 PM,d78d34ff-3275-43c4-89a0-e3aff1ab73fd,-120.299980579943,34.4684659691751
66,0,261.454590178745,197.478332519531,2,iPhone 13,4.73824550502713,3.3724718778485,34.4684728926534,-120.299969271964,8.52680952101946,,,,,,,,5/17/2023 9:39:12 PM,,,,,0,,,21,13,5/17/2023 9:39:13 PM,367f5c3c-1b87-46a3-93fb-7a65c68d32eb,-120.299969271951,34.4684728923511
67,3.14055340241169,209.108217058279,205.868316650391,2,iPhone 13,4.74334971728832,3.36528906519033,34.4684191350954,-120.30002433694,8.89103025384247,,,,,,,,5/17/2023 9:39:28 PM,,,,,0,,,13,13,5/17/2023 9:39:29 PM,dae3433b-31ef-43cd-8e7e-5f1e09a80b33,-120.300024336881,34.4684191347783
68,3.65100852341441,192.824965791195,220.868576049805,2,iPhone 13,4.72396379656168,3.39244794824673,34.4682221288279,-120.300176345057,7.87939204741269,,,,,,,,5/17/2023 9:40:00 PM,,,,,0,,,13,18,5/17/2023 9:40:01 PM,f52514c9-a68c-46a9-80df-cbac0bd66b71,-120.300176345302,34.4682221290416
69,4.02595171802253,243.122260701545,250.886444091797,2,iPhone 13,4.72205648462307,3.39510229430838,34.4681464359542,-120.3003347169,7.85219179559499,,,,,,,,5/17/2023 9:40:24 PM,,,,,0,,,21,14,5/17/2023 9:40:25 PM,b99e87af-250a-43fe-894b-14bdacc117a7,-120.30033471649,34.4681464359851
70,3.586522216152,259.18637931757,251.251220703125,2,iPhone 13,4.71850826630224,3.400031878325,34.4681073620376,-120.300480299416,9.42977550067008,,,,,,,,5/17/2023 9:40:37 PM,,,,,0,,,13,14,5/17/2023 9:40:41 PM,32a276a5-990c-4255-91bf-b5e00b8a40e4,-120.300480299261,34.4681073622432
71,0,244.597996258341,209.468383789063,2,iPhone 13,4.81348517156181,3.26418405362556,34.4680075443616,-120.300585546807,11.9930934170261,,,,,,,,5/17/2023 9:41:02 PM,,,,,0,,,13,19,5/17/2023 9:41:04 PM,eae15ea2-73eb-443c-ab1c-99fce98c3241,-120.300585546778,34.4680075444839
72,0,251.251738171053,143.415756225586,2,iPhone 13,4.76090176263426,3.34041186672166,34.4679684975257,-120.300645408132,10.3441387666389,,,,,,,,5/17/2023 9:41:44 PM,,,,,0,,,16,20,5/17/2023 9:41:46 PM,3aaef5a9-589c-494d-a2f1-95271fb44575,-120.300645407814,34.4679684973389
73,0,251.251748789841,,2,iPhone 13,4.74794202676616,3.35880686304772,34.4679557587677,-120.300614414146,10.1768219294026,,,,,,,,5/17/2023 9:44:19 PM,,,,,0,,,15,0,5/17/2023 9:44:20 PM,6df4b2aa-9bd1-4ab6-8b0d-0a39e7c9b672,-120.30061441414,34.4679557588547
74,3.6761577037504,231.227325187693,243.468383789063,2,iPhone 13,4.74722482540605,3.35982045500014,34.4678709451716,-120.301019223732,10.1581470649689,,,,,,,,5/17/2023 9:45:05 PM,,,,,0,,,12,,5/17/2023 9:45:06 PM,2858e696-a251-4aec-9802-383a128423e5,-120.301019223753,34.4678709449406
75,5.1813489778324,242.10906073272,245.18115234375,2,iPhone 13,4.71599946042933,3.40351085234337,34.4677086401842,-120.3016165888,8.90391828212887,,,,,,,,5/17/2023 9:45:53 PM,,,,,0,,,12,,5/17/2023 9:45:55 PM,c88f248b-2709-4649-91f8-2525e9163da1,-120.301616589044,34.4677086400235
76,5.08280568396559,253.950062992036,245.186172485352,2,iPhone 13,4.72088995806762,3.3967241625727,34.4674052238445,-120.302513289521,11.3731357818469,,,,,,,,5/17/2023 9:47:08 PM,,,,,0,,,16,,5/17/2023 9:47:09 PM,efff50d4-2198-4dd7-aefd-70df624abc0b,-120.302513289157,34.4674052241506
77,4.3152984774724,277.026796610861,245.100402832031,2,iPhone 13,4.7212036339887,3.3962881619793,34.4673423689552,-120.302707984518,10.8085130322725,,,,,,,,5/17/2023 9:47:31 PM,,,,,0,,,20,,5/17/2023 9:47:33 PM,8c4cdf06-5a07-4416-ae89-413c8f043084,-120.302707984622,34.4673423689161
78,4.29467956208542,247.307549382927,,2,iPhone 13,4.71269332239274,3.40808724680924,34.46727744332,-120.302873035527,8.96650843415409,,,,,,,,5/17/2023 9:48:03 PM,,,,,0,,,15,,5/17/2023 9:48:05 PM,e08c3a7a-0a20-44c4-a279-e9e07c23e8a2,-120.302873035682,34.4672774436135
79,0,248.761853012347,216.924209594727,2,iPhone 13,4.72554157504635,3.39024982195963,34.4672772308848,-120.302877413277,9.10697393398732,,,,,,,,5/17/2023 9:48:15 PM,,,,,0,,,20,,5/17/2023 9:48:16 PM,50f95efe-e3d1-42a7-8828-78cb55930d08,-120.302877413173,34.4672772310568
80,0.0719263154190844,167.561806433922,65.7040176391602,2,iPhone 13,4.73398967150531,3.37844325435102,34.4671198131423,-120.303262558791,8.22040793206543,,,,,,,,5/17/2023 9:49:09 PM,,,,,0,,,26,,5/17/2023 9:49:11 PM,baf6d727-7b25-4ec1-9ebf-87af6cb97aa6,-120.303262558664,34.4671198130578
81,3.30690505076152,265.05845037976,256.515747070313,2,iPhone 13,4.72134243219725,3.39609520931357,34.4668673109929,-120.303668484422,5.73457594960928,,,,,,,,5/17/2023 9:50:18 PM,,,,,0,,,26,,5/17/2023 9:50:19 PM,a1a53041-3ed8-4e25-bc82-06f29b8933d9,-120.303668483985,34.4668673111528
82,0,257.209904184411,243.352310180664,2,iPhone 13,4.73060732013373,3.3831777097111,34.4668686818431,-120.303670343221,5.97439344227314,,,,,,,,5/17/2023 9:50:30 PM,,,,,0,,,17,,5/17/2023 9:50:31 PM,7e017267-4f8e-4c9b-b469-6279f0e68f42,-120.303670343498,34.4668686820391
83,1.08242925963015,290.390756017349,277.800140380859,2,iPhone 13,4.72261980973847,3.39431865997503,34.4668109417172,-120.304182881915,8.23466209322214,,,,,,,,5/17/2023 9:51:32 PM,,,,,0,,,20,,5/17/2023 9:51:34 PM,5d64cea4-6e19-4747-aae1-83f278c8ff23,-120.304182881775,34.4668109418613
84,3.00228402391515,272.410033298614,272.100677490234,2,iPhone 13,4.72625202963241,3.38925932693035,34.4668410956733,-120.304610385497,8.51082115247846,,,,,,,,5/17/2023 9:52:21 PM,,,,,0,,,24,,5/17/2023 9:52:26 PM,c3e4a3fd-8aca-4b22-a5f5-85f7f9b88be6,-120.304610385527,34.4668410954488
85,3.84471708289366,286.373644017086,282.796051025391,2,iPhone 13,4.73669165562247,3.37465393667933,34.4669430240403,-120.304942870968,5.89485977683216,,,,,,,,5/17/2023 9:53:03 PM,,,,,0,,,11,,5/17/2023 9:53:04 PM,b8b4e83d-4562-42b7-addf-251f7ecefd31,-120.304942870878,34.4669430238848
86,3.98538181150554,277.579130488961,281.125427246094,2,iPhone 13,4.75511386668918,3.34864586775148,34.4669871344379,-120.305131595696,5.23440291266888,,,,,,,,5/17/2023 9:53:18 PM,,,,,0,,,11,12,5/17/2023 9:53:19 PM,f89f974f-303d-433f-a713-5d4ce5458c5c,-120.305131596139,34.4669871343757
87,3.6645916861844,289.940033505847,285.447631835938,2,iPhone 13,4.73342066564804,3.37924042275848,34.4670343909719,-120.30529388943,5.33234046120197,,,,,,,,5/17/2023 9:53:31 PM,,,,,0,,,,12,5/17/2023 9:53:32 PM,87155ece-7cec-44f0-ac20-bac463df17a9,-120.305293889372,34.4670343909876
88,4.05274036379169,278.554272724996,278.982208251953,2,iPhone 13,4.72878387597582,3.38572593207127,34.4670802859737,-120.305584298431,4.13871664274484,,,,,,,,5/17/2023 9:53:56 PM,,,,,0,19,Yes drakes??,12,12,5/17/2023 9:53:59 PM,b13b61f9-20e7-46f0-8d16-f4cadcd99a66,-120.305584298534,34.467080286318
89,0,346.542702295432,12.5782222747803,2,iPhone 13,4.7283822490384,3.38628680707459,34.4673477389292,-120.306509665591,4.11969993356615,,,,,,,,5/17/2023 9:55:43 PM,,,,,0,,,14,12,5/17/2023 9:55:44 PM,2df7dc54-b345-494e-b363-51f7d6873e02,-120.306509665684,34.4673477391156
90,3.41999995708466,109.6875,94.8483428955078,2,iPhone 13,3.53553390593274,3,34.4671699265339,-120.306079918631,4.17107009887695,,,,,,,,5/17/2023 9:59:34 PM,,,,,0,,,14,12,5/17/2023 9:59:35 PM,8a48e377-ae6c-41db-822b-cf54acf20007,-120.306079918839,34.4671699268933
91,0.961041434360356,89.7209002753062,61.2654342651367,2,iPhone 13,4.73635399256204,3.37512783312432,34.4673860479206,-120.305674766642,7.14914138428867,,,,,,,,5/17/2023 10:00:25 PM,,,,,0,,,,12,5/17/2023 10:00:26 PM,6461952a-25c3-4cac-b26a-65be8f7de86c,-120.305674766967,34.4673860481581
92,5.44126947712284,95.0478294173109,92.2856826782227,2,iPhone 13,4.7154346831496,3.40429328668061,34.4670689581652,-120.305425304712,4.50348338019103,,,,,,,,5/17/2023 10:01:24 PM,,,,,0,,,0,11,5/17/2023 10:01:26 PM,506893f7-4d44-4e37-af06-8d4289413a7c,-120.305425304813,34.467068957834
93,0,120.941766600203,63.9228515625,2,iPhone 13,4.72988040285202,3.38419390808287,34.4668644422188,-120.304630159494,5.7761133434251,,,,,,,,5/17/2023 10:02:35 PM,,,,,0,,,21,21,5/17/2023 10:02:36 PM,65a85fea-7b8f-4d9f-b6cf-5ba3ad9a5dfd,-120.304630159243,34.4668644419938
94,2.80786438017197,95.4831093187286,79.4330215454102,2,iPhone 13,4.72534189243137,3.39052813473387,34.4668294426406,-120.304419898843,6.70705769490451,,,,,,,,5/17/2023 10:03:12 PM,,,,,0,,,27,25,5/17/2023 10:03:14 PM,08f87505-76c5-410e-bf79-5e38f152a910,-120.304419898669,34.4668294425409
95,2.25523513720211,90.2436378295787,76.3323822021484,2,iPhone 13,4.72804434379347,3.38675858541931,34.4667734935201,-120.30411912018,5.19042201712728,,,,,,,,5/17/2023 10:03:47 PM,,,,,0,,,23,25,5/17/2023 10:03:48 PM,73b112b5-09cc-4e59-bec8-2f82af64bc3b,-120.304119120254,34.4667734931553
96,3.69646340973467,82.6511355138335,67.1447982788086,2,iPhone 13,4.71803569778805,3.40068760505673,34.4668672520867,-120.303770200276,7.24942579586059,,,,,,,,5/17/2023 10:04:30 PM,,,,,0,,,21,25,5/17/2023 10:04:32 PM,bac974c8-1fd6-4a77-8801-eed14771ef84,-120.303770200225,34.4668672519033
97,3.38072383528691,61.6328802723857,51.3163948059082,2,iPhone 13,4.72512683600326,3.39082783645391,34.4669248501568,-120.303274861985,2.40286326315254,,,,,,,,5/17/2023 10:05:23 PM,,,,,0,,,25,25,5/17/2023 10:05:24 PM,8d5540d6-4c1e-4fb2-ba7d-d07c18ff2b39,-120.30327486199,34.4669248498433
98,1.86511101809482,49.5877261052046,38.9950981140137,2,iPhone 13,4.72532104572334,3.39055718837375,34.4672132673554,-120.302561263349,2.8794669136405,,,,,,,,5/17/2023 10:06:35 PM,,,,,0,,,23,25,5/17/2023 10:06:37 PM,cad3ab97-4622-45d7-b0a0-3eb15e28c078,-120.302561263685,34.4672132670235
99,2.60144473614442,56.1039869991575,34.6154403686523,2,iPhone 13,4.72709399390459,3.38808491711468,34.4673813088271,-120.302152907652,5.45659394562244,,,,,,,,5/17/2023 10:07:57 PM,,,,,0,,,22,23,5/17/2023 10:08:01 PM,0852cc5a-c800-46ae-a908-37b3ec640261,-120.302152907523,34.4673813089648
100,3.86748905436407,52.4569202831756,63.9851150512695,2,iPhone 13,4.72738073779047,3.38768481307758,34.467551466813,-120.301696725946,3.76587351039052,,,,,,,,5/17/2023 10:10:03 PM,,,,,0,,,17,17,5/17/2023 10:10:05 PM,99d3e9b5-f292-4dff-b88b-31bc82d249cd,-120.301696725954,34.4675514664998
101,4.25764281106293,61.9880433882927,97.9156799316406,2,iPhone 13,4.7230758630728,3.39368404900161,34.4676690910629,-120.301399961234,4.84069940447807,,,,,,,,5/17/2023 10:10:31 PM,,,,,0,,,18,20,5/17/2023 10:10:33 PM,e7597d2f-5a69-49bc-83c6-dbe267478692,-120.301399961211,34.4676690913443
102,4.52186861177,66.6067540974771,69.3021240234375,2,iPhone 13,4.72947168434989,3.3847650760018,34.4679902508431,-120.300622979663,8.75950648076832,,,,,,,,5/17/2023 10:11:32 PM,,,,,0,,,22,21,5/17/2023 10:11:34 PM,797f3931-3938-4cc0-89c7-a79005bf194c,-120.300622979576,34.467990250518
103,5.42499945007854,81.6250455804757,45.5939598083496,2,iPhone 13,4.72536882571176,3.39049059780149,34.4682116250914,-120.300147957804,7.75619310047477,,,,,,,,5/17/2023 10:12:13 PM,,,,,0,,,17,21,5/17/2023 10:12:14 PM,0d6f3d4c-e889-457f-9dd0-828f345092d3,-120.30014795764,34.4682116250085
104,3.42382299784745,56.0280444765507,66.4314422607422,2,iPhone 13,4.72466396030999,3.39147276193349,34.4684886461615,-120.299908848451,7.67673830222338,,,,,,,,5/17/2023 10:12:44 PM,,,,,0,,,14,18,5/17/2023 10:12:45 PM,eb0d9462-1e06-4e40-8b68-08e5edfc849b,-120.29990884857,34.4684886464995
105,4.66555217242859,32.2577725170941,60.8544540405273,2,iPhone 13,4.72622763887448,3.38929333907937,34.4686689794403,-120.299772286287,8.67316402960569,,,,,,,,5/17/2023 10:13:08 PM,,,,,0,,,15,15,5/17/2023 10:13:09 PM,c4a62e96-e172-4952-a25f-7fee35e72ebb,-120.29977228668,34.4686689791478
106,2.75647130371035,28.3100465003186,49.7583274841309,2,iPhone 13,4.73041649841237,3.38344451474188,34.4690067816189,-120.299535115015,6.88265998288989,,,,,,,,5/17/2023 10:13:45 PM,,,,,0,,,15,16,5/17/2023 10:13:47 PM,0cb5947b-a381-453c-a668-d9df7f2c934a,-120.299535115276,34.4690067816888
107,3.56142051036241,48.9289699234355,27.4346771240234,2,iPhone 13,4.7321293715884,3.38104845326701,34.4694533678455,-120.299256730598,7.54783504828811,,,,,,,,5/17/2023 10:14:41 PM,,,,,0,,,16,12,5/17/2023 10:14:45 PM,4b26386b-f6b8-40a8-a9ee-54879b9c278a,-120.299256730962,34.4694533676447
108,4.25367099187863,34.7431392047131,39.5472793579102,2,iPhone 13,4.72849760470154,3.38612572641959,34.4695600395803,-120.299179133143,6.08028990030289,,,,,,,,5/17/2023 10:15:00 PM,,,,,0,,,13,12,5/17/2023 10:15:03 PM,67108ee3-9509-4070-ae4a-03e82b22eb1b,-120.29917913359,34.4695600393665
109,5.43746751212561,43.1015805012843,57.9614105224609,2,iPhone 13,4.72166185298734,3.39565109792408,34.4699179754548,-120.298842704013,7.73150369804353,,,,,,,,5/17/2023 10:15:40 PM,,,,,0,,,21,12,5/17/2023 10:15:43 PM,9d5d38ad-d07b-4658-89a7-18eb7ac921d0,-120.298842703736,34.4699179757458
110,5.23152232994233,59.1802224345728,62.3050804138184,2,iPhone 13,4.73136758907663,3.38211439336757,34.4701416762424,-120.298333848653,8.81281206477433,,,,,,,,5/17/2023 10:16:29 PM,,,,,0,,,15,15,5/17/2023 10:16:31 PM,f3a92b04-46a2-4458-89b5-e8e1c92891b3,-120.298333848552,34.4701416765013
111,2.64733944691923,54.5883325025118,65.2925338745117,2,iPhone 13,4.72015732227089,3.39774217470975,34.4703640155529,-120.297629535659,3.27337148785591,,,,,,,,5/17/2023 10:17:27 PM,,,,,0,,,11,12,5/17/2023 10:17:28 PM,0960bde4-1fbf-4814-95fa-8fe0cacf5607,-120.297629535233,34.4703640154561
112,4.77121870342559,75.0126876243569,73.0700988769531,2,iPhone 13,4.71429152267106,3.40587616804555,34.4704664812292,-120.29726243865,2.91261607874185,,,,,,,,5/17/2023 10:17:56 PM,,,,,0,,,14,12,5/17/2023 10:17:57 PM,16e93b4f-595a-44a9-ad7f-7beeadf8f85b,-120.297262438692,34.4704664809593
113,4.30117474677323,79.9502136296624,64.9214172363281,2,iPhone 13,4.71562884838913,3.40402432380103,34.4705610926762,-120.296713900636,2.5348738161847,,,,,,,,5/17/2023 10:18:36 PM,,,,,0,,,10,9,5/17/2023 10:18:37 PM,2762cbc6-e8de-45ae-af71-cc9d36cee93b,-120.29671390043,34.4705610924174
114,0.776681685178417,76.3669490796711,59.816577911377,2,iPhone 13,4.71842642441411,3.40014545426803,34.4706583725017,-120.296345717705,4.70629552658647,,,,,,,,5/17/2023 10:19:08 PM,,,,,0,,,,9,5/17/2023 10:19:09 PM,7b1c0004-38cd-4936-bcdd-530a69f48366,-120.296345717826,34.4706583728389
115,4.12129819897149,83.1467602358001,80.7538299560547,2,iPhone 13,4.71357753067844,3.40686423196936,34.4707372639749,-120.295769317425,6.3571686130017,,,,,,,,5/17/2023 10:20:04 PM,,,,,0,,,,20,5/17/2023 10:20:07 PM,2a76c43c-fb87-46c6-9585-0c0af0ec55c7,-120.295769317417,34.4707372636848
116,4.57964229404698,83.9495291276526,77.2992095947266,2,iPhone 13,4.7273523550507,3.38772441972269,34.4707738955463,-120.295466550034,6.79804355278611,,,,,,,,5/17/2023 10:20:26 PM,,,,,0,,,21,14,5/17/2023 10:20:27 PM,a0674de1-6d9b-4f33-b84b-1c647e3a7c7c,-120.295466550132,34.4707738952287
117,5.12011402340201,84.7332775465574,85.8036880493164,2,iPhone 13,4.7223263407232,3.39472693518944,34.4707884169323,-120.294898929816,5.16131004970521,,,,,,,,5/17/2023 10:21:07 PM,,,,,0,,,21,14,5/17/2023 10:21:12 PM,25942839-16a6-427d-a772-cd1cb64bf5a3,-120.294898929857,34.4707884166102
118,4.46735997231372,84.6003154621786,86.6854019165039,2,iPhone 13,4.72184651423113,3.3953943112446,34.470818332411,-120.29448053632,4.59466220531613,,,,,,,,5/17/2023 10:21:38 PM,,,,,0,,,21,,5/17/2023 10:21:39 PM,8fd9c6da-8c2c-462f-a558-600f676a6b5c,-120.29448053592,34.4708183325143
119,4.35588470608958,84.9263460251341,93.0018768310547,2,iPhone 13,4.72238962995859,3.39463889326219,34.4708495028087,-120.294179693774,5.39519742038101,,,,,,,,5/17/2023 10:22:01 PM,,,,,0,,,21,19,5/17/2023 10:22:03 PM,51b3cbe9-b27d-49c8-82c6-f3ad16e6f20e,-120.294179693725,34.4708495029569
120,3.11245170511191,85.8686728409855,85.6699142456055,2,iPhone 13,4.71113784368498,3.41023712527268,34.4708662367195,-120.294041315598,5.29838498681784,,,,,,,,5/17/2023 10:22:17 PM,,,,,0,,,21,13,5/17/2023 10:22:18 PM,5909b6f0-4c31-465f-88ab-0f48d0f69a1a,-120.294041315442,34.4708662364491
121,4.6176666061992,81.6883750371115,92.5371932983398,2,iPhone 13,4.71780149606933,3.40101250754461,34.4708858220807,-120.293895764896,5.67378297541291,,,,,,,,5/17/2023 10:22:29 PM,,,,,0,,,21,10,5/17/2023 10:22:31 PM,23859563-ad9a-4184-ac00-d87c3e95993e,-120.29389576501,34.4708858219253
122,4.41214067649845,90.3951865731243,90.8702774047852,2,iPhone 13,4.71890467201264,3.39948168538178,34.4708757368005,-120.293287524238,5.09955502208322,,,,,,,,5/17/2023 10:23:19 PM,,,,,0,,,20,0,5/17/2023 10:23:20 PM,6b15555d-df56-472b-8daa-0f667132f53a,-120.293287523816,34.4708757366572
123,4.31528081203738,102.26170469573,95.4968338012695,2,iPhone 13,4.71872975526401,3.39972447847982,34.4708552683935,-120.293035426228,4.18400575872511,,,,,,,,5/17/2023 10:23:39 PM,,,,,0,,,,,5/17/2023 10:23:38 PM,3e7e6176-0b46-43a9-ba45-b518b3f55ba9,-120.293035426004,34.4708552684026
124,4.29042560637235,92.7645177933537,100.362159729004,2,iPhone 13,4.72415719106973,3.39217863133017,34.4707431792654,-120.292191968328,8.91948313452303,,,,,,,,5/17/2023 10:24:58 PM,,,,,0,,,,,5/17/2023 10:24:58 PM,f48bba3e-e842-4567-97df-29559ad1b509,-120.292191968139,34.4707431794769
125,1.0876227223108,64.3583702060123,58.530460357666,2,iPhone 13,4.71717436077211,3.4018822852743,34.4707068527392,-120.290077658403,10.1474771732464,,,,,,,,5/17/2023 10:27:53 PM,,,,,1,20 - culvert,,,,5/17/2023 10:27:54 PM,9190c895-266a-4e79-ae45-79803fb28c8a,-120.290077658252,34.4707068530407
126,4.33351309224951,114.414613333833,100.149948120117,2,iPhone 13,4.72605332193495,3.38953640355381,34.470310098315,-120.288810269117,6.70982003863901,,,,,,,,5/17/2023 10:31:38 PM,,,,,0,,,,,5/17/2023 10:31:37 PM,b2f42d84-b4f8-4baf-99c7-80e0e97e7a4b,-120.288810269236,34.4703100983936
127,0.431974270928831,73.5617074582432,64.945671081543,2,iPhone 13,4.75290601182575,3.35177885242142,34.4700243443617,-120.287949820871,7.98694570641965,,,,,,,,5/17/2023 10:32:52 PM,,,,,0,21 - tiny stream,,,,5/17/2023 10:32:53 PM,db425dcc-1f13-47ec-bc31-6bed7b77aa10,-120.287949820636,34.4700243447125
128,0.717960252463287,59.8631358697525,91.8031768798828,2,iPhone 13,4.72350121193691,3.39309200193855,34.4693940961699,-120.285892734745,7.50810964312404,,,,,,,,5/17/2023 10:36:34 PM,,,,,0,,Seawall n,,,5/17/2023 10:36:36 PM,212931f3-8153-4c08-b622-847323a2c1a2,-120.285892734331,34.4693940962195
129,3.54684085934335,47.6768244717675,68.6737747192383,2,iPhone 13,4.71406658765148,3.40618749336803,34.4713809521848,-120.293807578953,9.9718579147011,,,,,,,,5/17/2023 10:48:55 PM,,,,,0,,,,,5/17/2023 10:48:56 PM,72814f76-9f64-4ee5-a941-84cabcc46acc,-120.293807579195,34.4713809524355
130,0.369770852742807,81.2741906689413,221.871246337891,2,iPhone 13,4.74072159144229,3.36899032726746,34.4673994321437,-120.305566578805,7.67130512278527,,,,,,,,5/17/2023 11:02:53 PM,,,,,0,,,,14,5/17/2023 11:02:54 PM,ef76623b-d5a5-4988-a2bf-bb6ad9472cfc,-120.305566578366,34.4673994318045
131,2.90510896444866,283.078435744504,317.047180175781,2,iPhone 13,4.71787480096718,3.40091081847022,34.4671926084502,-120.306455592376,3.13082685228437,,,,,,,,5/17/2023 11:04:31 PM,,,,,0,,,,14,5/17/2023 11:04:32 PM,61f9b6f7-7097-4e4a-b343-50c691598bdb,-120.306455592494,34.4671926082729
132,3.51667927552605,251.253224282983,263.396179199219,2,iPhone 13,4.72036928319981,3.39744769834836,34.4669525296507,-120.308558026595,3.78155482467264,,,,,,,,5/17/2023 11:07:22 PM,,,,,0,,,,18,5/17/2023 11:07:23 PM,c9932ecc-65c5-4a51-8ae7-65e9115b2f9d,-120.308558026653,34.4669525297239
133,3.12952104269584,254.029157971199,265.915557861328,2,iPhone 13,4.71967745239516,3.39840871263913,34.466905725775,-120.308689447056,3.91519803833216,,,,,,,,5/17/2023 11:07:37 PM,,,,,0,,,20,21,5/17/2023 11:07:38 PM,afcf4ce2-f515-4ef8-911b-f0ef888475b8,-120.308689447484,34.4669057255838
134,3.93603977509827,229.762640712954,252.662521362305,2,iPhone 13,4.72628626549469,3.38921158521936,34.4667885786498,-120.309080580579,9.06933635193855,,,,,,,,5/17/2023 11:08:14 PM,,,,,0,,,19,28,5/17/2023 11:08:15 PM,76f7d608-cb2c-4f5a-9c9b-1139009ecdca,-120.309080580247,34.4667885788446
135,1.0402810757348,313.594220703001,16.2493877410889,2,iPhone 13,4.72308164809802,3.39367599782132,34.4658733161361,-120.311249248429,8.40544623974711,,,,,,,,5/17/2023 11:11:12 PM,,,,,1,21 - stream,Maybe,28,21,5/17/2023 11:11:13 PM,d0cc4e9c-fe2b-424d-a06e-05f42ee09ead,-120.31124924809,34.4658733164223
136,0.0263596128461814,5.00867252088488,228.101959228516,2,iPhone 13,4.72107566945794,3.39646603928865,34.4659284631765,-120.311281674791,9.17269649356604,,,,,,,,5/17/2023 11:12:24 PM,,,,,0,,,11,14,5/17/2023 11:12:26 PM,05361437-8c4f-486d-bac3-95825ec30c7d,-120.311281674577,34.4659284628303
137,0,0.227736789103325,255.786712646484,2,iPhone 13,4.73906894650971,3.37131466241526,34.4658160151006,-120.31134447799,8.25443140044808,,,,,,,,5/17/2023 11:13:20 PM,,,,,0,,,26,31,5/17/2023 11:13:21 PM,f5183001-4690-4239-a517-288007b425d6,-120.311344477595,34.4658160147487
138,5.10589037456608,258.01383726886,284.594360351563,2,iPhone 13,4.73378254368635,3.37873347008597,34.4654364865622,-120.312995991171,7.96760084666312,,,,,,,,5/17/2023 11:15:43 PM,,,,,0,,,17,26,5/17/2023 11:15:44 PM,1a3012c2-a71c-450d-9f12-582dcee0febe,-120.312995991617,34.4654364869128
139,4.07298143852306,295.704533845961,310.105621337891,2,iPhone 13,4.72536815042785,3.39049153895286,34.4653418653785,-120.314616426617,4.56153999362141,,,,,,,,5/17/2023 11:17:45 PM,,,,,0,,,22,24,5/17/2023 11:17:47 PM,9f865cc6-673f-4e0f-9cfd-0e0918bf5bf8,-120.314616426626,34.4653418652019
140,0.197566166504389,346.922182234672,352.21435546875,2,iPhone 13,4.72777645792655,3.38713253308226,34.4655209769109,-120.314828275592,4.82899042963982,,,,,,,,5/17/2023 11:18:22 PM,,,,,1,22 - creek and culvert,,21,15,5/17/2023 11:18:23 PM,816d9132-5014-4fcc-8aea-93f5721abadf,-120.314828275421,34.4655209766823
141,3.73043523807996,249.467427739329,272.329223632813,2,iPhone 13,4.72123349314673,3.39624665417256,34.465458864647,-120.315099266469,4.72447128873318,,,,,,,,5/17/2023 11:20:17 PM,,,,,0,,,15,21,5/17/2023 11:20:18 PM,4a2ddc35-dcae-4e4e-90e6-b80ad6e91b25,-120.315099266599,34.4654588643638
142,3.79196706820608,243.09233395438,270.000823974609,2,iPhone 13,4.72602991575361,3.38956903871138,34.4654163670772,-120.315221541782,4.86725265346467,,,,,,,,5/17/2023 11:20:29 PM,,,,,0,,,22,21,5/17/2023 11:20:30 PM,037efcb1-1d5d-459e-99a4-c832466f5ce6,-120.315221541683,34.4654163669027
143,0.442516220263143,269.821322864741,312.449584960938,2,iPhone 13,4.72855362098998,3.38604750206068,34.4653739720115,-120.316169662222,6.67698937468231,,,,,,,,5/17/2023 11:21:50 PM,,,,,0,,Rebar riprap s,21,25,5/17/2023 11:21:51 PM,409142b4-f045-4765-8ca5-01e36705eefb,-120.316169662261,34.465373972368
144,3.67848657342033,258.292411689815,280.140777587891,2,iPhone 13,4.72735363383005,3.38772263526734,34.4651229203153,-120.316926850302,9.21862976998091,,,,,,,,5/17/2023 11:23:12 PM,,,,,0,,Rebar riprap n,25,26,5/17/2023 11:23:13 PM,3048a61f-f0a0-4cae-a46e-47baa39c27fb,-120.316926850417,34.4651229205291
145,5.17039553609681,237.007563615629,260.778900146484,2,iPhone 13,4.72510436913575,3.39085914386946,34.4645642772435,-120.317928781004,6.42404747754335,,,,,,,,5/17/2023 11:24:52 PM,,,,,0,,Rebar riprap s,19,26,5/17/2023 11:24:53 PM,f61b2c2d-36d7-481c-a85b-3dbd0bd92d06,-120.31792878098,34.4645642771336
146,2.19630529365858,315.04212725057,15.6451005935669,2,iPhone 13,4.73075032007896,3.3829777477633,34.4643977255738,-120.318354387064,6.68246932793409,,,,,,,,5/17/2023 11:26:01 PM,,,,,1,23 - game trail,,23,25,5/17/2023 11:26:02 PM,22918aa9-7b6c-42dc-be13-bba1496aec60,-120.31835438749,34.4643977256163
147,2.28859608689292,255.285095195849,281.793060302734,2,iPhone 13,4.72341110080457,3.39321744154202,34.4642753113128,-120.318731086145,8.13712609838694,,,,,,,,5/17/2023 11:27:14 PM,,,,,0,,Riprap Seawall transition ,19,26,5/17/2023 11:27:15 PM,d312ca6f-674a-4d08-a5b8-314ca4fbb6b9,-120.318731086123,34.464275311613
148,5.63913280167399,246.829342112525,269.972564697266,2,iPhone 13,4.72302275796643,3.39375795550007,34.4641415712599,-120.319045353848,7.39009273797274,,,,,,,,5/17/2023 11:28:02 PM,,,,,0,,,17,27,5/17/2023 11:28:03 PM,b2d89d87-2497-4ac2-9b81-a0572ca76b8c,-120.31904535364,34.4641415715113
149,4.59729429418418,246.990617404023,,2,iPhone 13,4.72788809555829,3.38697670329559,34.4639692902292,-120.319494068563,7.26342249661684,,,,,,,,5/17/2023 11:28:37 PM,,,,,0,,,20,27,5/17/2023 11:28:38 PM,7937e335-f76e-4acc-970a-689d9829114e,-120.319494068413,34.4639692902619
150,2.67239070580883,256.730421056604,281.231414794922,2,iPhone 13,4.72624608685127,3.38926761400038,34.4638335587271,-120.31986043534,7.66757289785892,,,,,,,,5/17/2023 11:29:10 PM,,,,,0,,Note - can’t go past bc of Seawall,18,24,5/17/2023 11:29:11 PM,b576dd10-472e-44f7-8ba0-3e641c29a30e,-120.319860435522,34.4638335588131
151,0.0352190609512185,48.5114348030672,321.556304931641,2,iPhone 13,4.73278775579177,3.38012678629314,34.4646173358043,-120.317912799112,7.11127157416195,,,,,,,,5/17/2023 11:32:27 PM,,,,,1,23 - canyon,,20,20,5/17/2023 11:32:28 PM,67a0b77b-cefa-4449-9e2f-c8760e531a42,-120.317912799052,34.4646173358038
152,0.219568791538313,133.758525005289,172.429260253906,2,iPhone 13,4.74908848543475,3.35718566515168,34.4614460418514,-120.336982550614,12.9858372919261,,,,,,,,5/18/2023 12:16:34 AM,,,,,0,Likely,Bulito ,16,18,5/18/2023 12:16:36 AM,9fd9ffe4-7dae-46b6-bfe8-4a4f2288588f,-120.336982550314,34.4614460420912
153,0.221612251394708,99.8951282848483,47.7614593505859,2,iPhone 13,4.76132368900249,3.33981043793394,34.4609064321851,-120.336625318498,8.22390118800104,,,,,,,,5/18/2023 12:19:03 AM,,,,,0,Possible- stairs,Yes,20,22,5/18/2023 12:19:04 AM,23654986-b599-42c1-a06a-9a7093f9a9ad,-120.336625318173,34.4609064323272
154,3.85505199575698,41.6644282325315,64.2931747436523,2,iPhone 13,4.73205586745889,3.38115132758603,34.4613882992324,-120.336091426053,5.40163389593363,,,,,,,,5/18/2023 12:20:50 AM,,,,,0,,,27,26,5/18/2023 12:20:51 AM,0a76b35d-a0bc-44c1-8948-a658b2e4ce92,-120.336091426044,34.4613882989032
155,,,,1,,,,,,,,,,,,,,,,,,,0,,Seawall N,20,20,5/18/2023 12:24:42 AM,bc560ef5-0044-4a09-adb1-66ce0e5a1a5c,-120.322065470761,34.4634832435458
